student_id,password,full_name,email,role,status,created_at
20260001,311134,김철수,student1@school.edu.kr,Student,SUSPENDED,2026-01-15T08:00:00Z
20260002,Password2026,이영희,student2@school.edu.kr,Student,SUSPENDED,2026-01-15T08:00:00Z
20260003,SecurePass#1,박민수,student3@school.edu.kr,Student,SUSPENDED,2026-01-15T08:00:00Z
admin,admin123,시스템 관리자,admin@school.edu.kr,Admin,ACTIVE,2026-01-15T08:00:00Z
user,user123,일반 사용자,user@school.edu.kr,Student,ACTIVE,2026-01-15T08:00:00Z
analyst,analyst123,보안 분석가,analyst@school.edu.kr,Analyst,ACTIVE,2026-01-15T08:00:00Z
teacher1,TeacherPass2026!,최성민 교수,teacher1@school.edu.kr,Instructor,ACTIVE,2026-01-15T08:00:00Z
teacher2,TeacherPass2026#,정수진 교수,teacher2@school.edu.kr,Instructor,ACTIVE,2026-01-15T08:00:00Z
20260004,Pass2026#859,김예준,student5@school.edu.kr,Student,SUSPENDED,2026-01-15T08:00:00Z
20260005,Pass2026#328,최지후,student6@school.edu.kr,Student,ACTIVE,2026-01-15T09:00:00Z
20260006,Pass2026#204,오시우,student7@school.edu.kr,Student,ACTIVE,2026-01-15T10:00:00Z
20260007,Pass2026#704,이지유,student8@school.edu.kr,Student,ACTIVE,2026-01-15T11:00:00Z
20260008,Pass2026#130,김서현,student9@school.edu.kr,Student,ACTIVE,2026-01-15T12:00:00Z
20260009,Pass2026#338,최도윤,student10@school.edu.kr,Student,ACTIVE,2026-01-15T13:00:00Z
20260010,Pass2026#127,임민서,student11@school.edu.kr,Student,ACTIVE,2026-01-15T14:00:00Z
20260011,Pass2026#833,최지유,student12@school.edu.kr,Student,ACTIVE,2026-01-15T15:00:00Z
20260012,Pass2026#325,조지유,student13@school.edu.kr,Student,ACTIVE,2026-01-15T16:00:00Z
20260013,Pass2026#384,임하은,student14@school.edu.kr,Student,ACTIVE,2026-01-15T17:00:00Z
20260014,Pass2026#925,서민준,student15@school.edu.kr,Student,SUSPENDED,2026-01-15T18:00:00Z
20260015,Pass2026#532,오하준,student16@school.edu.kr,Student,ACTIVE,2026-01-15T19:00:00Z
20260016,Pass2026#259,정서연,student17@school.edu.kr,Student,ACTIVE,2026-01-15T20:00:00Z
20260017,Pass2026#444,서지호,student18@school.edu.kr,Student,ACTIVE,2026-01-15T21:00:00Z
20260018,Pass2026#489,이예준,student19@school.edu.kr,Student,ACTIVE,2026-01-15T22:00:00Z
20260019,Pass2026#967,강예준,student20@school.edu.kr,Student,ACTIVE,2026-01-15T23:00:00Z
20260020,Pass2026#370,임서윤,student21@school.edu.kr,Student,ACTIVE,2026-01-16T00:00:00Z
20260021,Pass2026#570,오서준,student22@school.edu.kr,Student,ACTIVE,2026-01-16T01:00:00Z
20260022,Pass2026#487,이지유,student23@school.edu.kr,Student,ACTIVE,2026-01-16T02:00:00Z
20260023,Pass2026#400,장도윤,student24@school.edu.kr,Student,SUSPENDED,2026-01-16T03:00:00Z
20260024,Pass2026#982,권채원,student25@school.edu.kr,Student,ACTIVE,2026-01-16T04:00:00Z
20260025,Pass2026#296,임서윤,student26@school.edu.kr,Student,ACTIVE,2026-01-16T05:00:00Z
20260026,Pass2026#777,김도윤,student27@school.edu.kr,Student,ACTIVE,2026-01-16T06:00:00Z
20260027,Pass2026#396,서주원,student28@school.edu.kr,Student,ACTIVE,2026-01-16T07:00:00Z
20260028,Pass2026#338,신도윤,student29@school.edu.kr,Student,ACTIVE,2026-01-16T08:00:00Z
20260029,Pass2026#384,조예준,student30@school.edu.kr,Student,ACTIVE,2026-01-16T09:00:00Z
20260030,Pass2026#954,한하은,student31@school.edu.kr,Student,ACTIVE,2026-01-16T10:00:00Z
20260031,Pass2026#479,박서윤,student32@school.edu.kr,Student,ACTIVE,2026-01-16T11:00:00Z
20260032,Pass2026#786,최서윤,student33@school.edu.kr,Student,ACTIVE,2026-01-16T12:00:00Z
20260033,Pass2026#799,오지후,student34@school.edu.kr,Student,ACTIVE,2026-01-16T13:00:00Z
20260034,Pass2026#750,임도윤,student35@school.edu.kr,Student,ACTIVE,2026-01-16T14:00:00Z
20260035,Pass2026#846,장하준,student36@school.edu.kr,Student,ACTIVE,2026-01-16T15:00:00Z
20260036,Pass2026#573,박주원,student37@school.edu.kr,Student,ACTIVE,2026-01-16T16:00:00Z
20260037,Pass2026#755,정지우,student38@school.edu.kr,Student,ACTIVE,2026-01-16T17:00:00Z
20260038,Pass2026#801,최지유,student39@school.edu.kr,Student,ACTIVE,2026-01-16T18:00:00Z
20260039,Pass2026#886,신서연,student40@school.edu.kr,Student,ACTIVE,2026-01-16T19:00:00Z
20260040,Pass2026#941,최서준,student41@school.edu.kr,Student,ACTIVE,2026-01-16T20:00:00Z
20260041,Pass2026#423,서서준,student42@school.edu.kr,Student,ACTIVE,2026-01-16T21:00:00Z
20260042,Pass2026#167,정지우,student43@school.edu.kr,Student,ACTIVE,2026-01-16T22:00:00Z
20260043,Pass2026#680,권지호,student44@school.edu.kr,Student,ACTIVE,2026-01-16T23:00:00Z
20260044,Pass2026#771,최서연,student45@school.edu.kr,Student,ACTIVE,2026-01-17T00:00:00Z
20260045,Pass2026#758,조하윤,student46@school.edu.kr,Student,ACTIVE,2026-01-17T01:00:00Z
20260046,Pass2026#371,박하은,student47@school.edu.kr,Student,ACTIVE,2026-01-17T02:00:00Z
20260047,Pass2026#862,최시우,student48@school.edu.kr,Student,ACTIVE,2026-01-17T03:00:00Z
20260048,Pass2026#369,장지유,student49@school.edu.kr,Student,ACTIVE,2026-01-17T04:00:00Z
20260049,Pass2026#697,조윤서,student50@school.edu.kr,Student,ACTIVE,2026-01-17T05:00:00Z
20260050,Pass2026#324,강지우,student51@school.edu.kr,Student,ACTIVE,2026-01-17T06:00:00Z
20260051,Pass2026#605,장시우,student52@school.edu.kr,Student,ACTIVE,2026-01-17T07:00:00Z
20260052,Pass2026#148,서도윤,student53@school.edu.kr,Student,ACTIVE,2026-01-17T08:00:00Z
20260053,Pass2026#742,박예준,student54@school.edu.kr,Student,ACTIVE,2026-01-17T09:00:00Z
20260054,Pass2026#796,서하준,student55@school.edu.kr,Student,ACTIVE,2026-01-17T10:00:00Z
20260055,Pass2026#165,임서현,student56@school.edu.kr,Student,ACTIVE,2026-01-17T11:00:00Z
20260056,Pass2026#710,조지우,student57@school.edu.kr,Student,ACTIVE,2026-01-17T12:00:00Z
20260057,Pass2026#357,장하은,student58@school.edu.kr,Student,ACTIVE,2026-01-17T13:00:00Z
20260058,Pass2026#111,신지유,student59@school.edu.kr,Student,ACTIVE,2026-01-17T14:00:00Z
20260059,Pass2026#649,한예준,student60@school.edu.kr,Student,ACTIVE,2026-01-17T15:00:00Z
20260060,Pass2026#756,서지후,student61@school.edu.kr,Student,ACTIVE,2026-01-17T16:00:00Z
20260061,Pass2026#400,이서연,student62@school.edu.kr,Student,ACTIVE,2026-01-17T17:00:00Z
20260062,Pass2026#564,박서현,student63@school.edu.kr,Student,ACTIVE,2026-01-17T18:00:00Z
20260063,Pass2026#996,오민준,student64@school.edu.kr,Student,ACTIVE,2026-01-17T19:00:00Z
20260064,Pass2026#880,장지후,student65@school.edu.kr,Student,ACTIVE,2026-01-17T20:00:00Z
20260065,Pass2026#208,장하준,student66@school.edu.kr,Student,ACTIVE,2026-01-17T21:00:00Z
20260066,Pass2026#754,신준서,student67@school.edu.kr,Student,ACTIVE,2026-01-17T22:00:00Z
20260067,Pass2026#303,임민서,student68@school.edu.kr,Student,ACTIVE,2026-01-17T23:00:00Z
20260068,Pass2026#880,강시우,student69@school.edu.kr,Student,ACTIVE,2026-01-18T00:00:00Z
20260069,Pass2026#897,장하준,student70@school.edu.kr,Student,ACTIVE,2026-01-18T01:00:00Z
20260070,Pass2026#100,권민서,student71@school.edu.kr,Student,ACTIVE,2026-01-18T02:00:00Z
20260071,Pass2026#600,강채원,student72@school.edu.kr,Student,ACTIVE,2026-01-18T03:00:00Z
20260072,Pass2026#471,이민준,student73@school.edu.kr,Student,SUSPENDED,2026-01-18T04:00:00Z
20260073,Pass2026#159,최준서,student74@school.edu.kr,Student,ACTIVE,2026-01-18T05:00:00Z
20260074,Pass2026#680,권주원,student75@school.edu.kr,Student,ACTIVE,2026-01-18T06:00:00Z
20260075,Pass2026#849,이도윤,student76@school.edu.kr,Student,ACTIVE,2026-01-18T07:00:00Z
20260076,Pass2026#170,신하윤,student77@school.edu.kr,Student,ACTIVE,2026-01-18T08:00:00Z
20260077,Pass2026#228,서지유,student78@school.edu.kr,Student,ACTIVE,2026-01-18T09:00:00Z
20260078,Pass2026#586,한시우,student79@school.edu.kr,Student,ACTIVE,2026-01-18T10:00:00Z
20260079,Pass2026#371,박지유,student80@school.edu.kr,Student,ACTIVE,2026-01-18T11:00:00Z
20260080,Pass2026#721,신민서,student81@school.edu.kr,Student,ACTIVE,2026-01-18T12:00:00Z
20260081,Pass2026#652,최서현,student82@school.edu.kr,Student,ACTIVE,2026-01-18T13:00:00Z
20260082,Pass2026#419,오지호,student83@school.edu.kr,Student,ACTIVE,2026-01-18T14:00:00Z
20260083,Pass2026#765,한지우,student84@school.edu.kr,Student,ACTIVE,2026-01-18T15:00:00Z
20260084,Pass2026#629,윤서윤,student85@school.edu.kr,Student,ACTIVE,2026-01-18T16:00:00Z
20260085,Pass2026#353,이하은,student86@school.edu.kr,Student,ACTIVE,2026-01-18T17:00:00Z
20260086,Pass2026#446,이주원,student87@school.edu.kr,Student,ACTIVE,2026-01-18T18:00:00Z
20260087,Pass2026#667,임민준,student88@school.edu.kr,Student,ACTIVE,2026-01-18T19:00:00Z
20260088,Pass2026#325,임주원,student89@school.edu.kr,Student,ACTIVE,2026-01-18T20:00:00Z
20260089,Pass2026#824,이민준,student90@school.edu.kr,Student,ACTIVE,2026-01-18T21:00:00Z
20260090,Pass2026#169,최서준,student91@school.edu.kr,Student,ACTIVE,2026-01-18T22:00:00Z
20260091,Pass2026#438,신서준,student92@school.edu.kr,Student,SUSPENDED,2026-01-18T23:00:00Z
20260092,Pass2026#343,장도윤,student93@school.edu.kr,Student,ACTIVE,2026-01-19T00:00:00Z
20260093,Pass2026#597,한지후,student94@school.edu.kr,Student,ACTIVE,2026-01-19T01:00:00Z
20260094,Pass2026#235,장지호,student95@school.edu.kr,Student,ACTIVE,2026-01-19T02:00:00Z
20260095,Pass2026#584,임윤서,student96@school.edu.kr,Student,SUSPENDED,2026-01-19T03:00:00Z
20260096,Pass2026#584,서주원,student97@school.edu.kr,Student,ACTIVE,2026-01-19T04:00:00Z
20260097,Pass2026#196,최서현,student98@school.edu.kr,Student,ACTIVE,2026-01-19T05:00:00Z
20260098,Pass2026#541,한예준,student99@school.edu.kr,Student,ACTIVE,2026-01-19T06:00:00Z
20260099,Pass2026#520,조서윤,student100@school.edu.kr,Student,ACTIVE,2026-01-19T07:00:00Z
20260100,Pass2026#846,신하은,student101@school.edu.kr,Student,ACTIVE,2026-01-19T08:00:00Z
20260101,Pass2026#769,한서준,student102@school.edu.kr,Student,ACTIVE,2026-01-19T09:00:00Z
20260102,Pass2026#512,김예준,student103@school.edu.kr,Student,ACTIVE,2026-01-19T10:00:00Z
20260103,Pass2026#982,서서연,student104@school.edu.kr,Student,ACTIVE,2026-01-19T11:00:00Z
20260104,Pass2026#296,최예준,student105@school.edu.kr,Student,ACTIVE,2026-01-19T12:00:00Z
20260105,Pass2026#559,장지호,student106@school.edu.kr,Student,ACTIVE,2026-01-19T13:00:00Z
20260106,Pass2026#287,조시우,student107@school.edu.kr,Student,ACTIVE,2026-01-19T14:00:00Z
20260107,Pass2026#355,윤지후,student108@school.edu.kr,Student,ACTIVE,2026-01-19T15:00:00Z
20260108,Pass2026#927,윤도윤,student109@school.edu.kr,Student,ACTIVE,2026-01-19T16:00:00Z
20260109,Pass2026#151,이지유,student110@school.edu.kr,Student,ACTIVE,2026-01-19T17:00:00Z
20260110,Pass2026#115,신지유,student111@school.edu.kr,Student,ACTIVE,2026-01-19T18:00:00Z
20260111,Pass2026#871,권도윤,student112@school.edu.kr,Student,ACTIVE,2026-01-19T19:00:00Z
20260112,Pass2026#516,박주원,student113@school.edu.kr,Student,SUSPENDED,2026-01-19T20:00:00Z
20260113,Pass2026#318,윤하윤,student114@school.edu.kr,Student,SUSPENDED,2026-01-19T21:00:00Z
20260114,Pass2026#160,권지우,student115@school.edu.kr,Student,ACTIVE,2026-01-19T22:00:00Z
20260115,Pass2026#102,조하준,student116@school.edu.kr,Student,SUSPENDED,2026-01-19T23:00:00Z
20260116,Pass2026#902,정지우,student117@school.edu.kr,Student,ACTIVE,2026-01-20T00:00:00Z
20260117,Pass2026#533,정하은,student118@school.edu.kr,Student,ACTIVE,2026-01-20T01:00:00Z
20260118,Pass2026#835,한지유,student119@school.edu.kr,Student,SUSPENDED,2026-01-20T02:00:00Z
20260119,Pass2026#294,박하윤,student120@school.edu.kr,Student,ACTIVE,2026-01-20T03:00:00Z
20260120,Pass2026#159,최준서,student121@school.edu.kr,Student,ACTIVE,2026-01-20T04:00:00Z
20260121,Pass2026#655,오윤서,student122@school.edu.kr,Student,ACTIVE,2026-01-20T05:00:00Z
20260122,Pass2026#421,오서준,student123@school.edu.kr,Student,ACTIVE,2026-01-20T06:00:00Z
20260123,Pass2026#698,김서준,student124@school.edu.kr,Student,ACTIVE,2026-01-20T07:00:00Z
20260124,Pass2026#973,장하윤,student125@school.edu.kr,Student,ACTIVE,2026-01-20T08:00:00Z
20260125,Pass2026#158,박민서,student126@school.edu.kr,Student,ACTIVE,2026-01-20T09:00:00Z
20260126,Pass2026#971,이민서,student127@school.edu.kr,Student,ACTIVE,2026-01-20T10:00:00Z
20260127,Pass2026#709,이하준,student128@school.edu.kr,Student,ACTIVE,2026-01-20T11:00:00Z
20260128,Pass2026#982,한도윤,student129@school.edu.kr,Student,ACTIVE,2026-01-20T12:00:00Z
20260129,Pass2026#222,조주원,student130@school.edu.kr,Student,ACTIVE,2026-01-20T13:00:00Z
20260130,Pass2026#692,최윤서,student131@school.edu.kr,Student,ACTIVE,2026-01-20T14:00:00Z
20260131,Pass2026#734,김채원,student132@school.edu.kr,Student,ACTIVE,2026-01-20T15:00:00Z
20260132,Pass2026#773,조도윤,student133@school.edu.kr,Student,ACTIVE,2026-01-20T16:00:00Z
20260133,Pass2026#635,임윤서,student134@school.edu.kr,Student,ACTIVE,2026-01-20T17:00:00Z
20260134,Pass2026#367,권서연,student135@school.edu.kr,Student,ACTIVE,2026-01-20T18:00:00Z
20260135,Pass2026#833,한지호,student136@school.edu.kr,Student,ACTIVE,2026-01-20T19:00:00Z
20260136,Pass2026#371,최서연,student137@school.edu.kr,Student,ACTIVE,2026-01-20T20:00:00Z
20260137,Pass2026#787,박지우,student138@school.edu.kr,Student,ACTIVE,2026-01-20T21:00:00Z
20260138,Pass2026#423,윤준서,student139@school.edu.kr,Student,ACTIVE,2026-01-20T22:00:00Z
20260139,Pass2026#569,김도윤,student140@school.edu.kr,Student,ACTIVE,2026-01-20T23:00:00Z
20260140,Pass2026#202,임채원,student141@school.edu.kr,Student,ACTIVE,2026-01-21T00:00:00Z
20260141,Pass2026#318,장도윤,student142@school.edu.kr,Student,ACTIVE,2026-01-21T01:00:00Z
20260142,Pass2026#235,정민서,student143@school.edu.kr,Student,ACTIVE,2026-01-21T02:00:00Z
20260143,Pass2026#170,권서윤,student144@school.edu.kr,Student,SUSPENDED,2026-01-21T03:00:00Z
20260144,Pass2026#391,강주원,student145@school.edu.kr,Student,ACTIVE,2026-01-21T04:00:00Z
20260145,Pass2026#953,윤하준,student146@school.edu.kr,Student,ACTIVE,2026-01-21T05:00:00Z
20260146,Pass2026#409,오지유,student147@school.edu.kr,Student,ACTIVE,2026-01-21T06:00:00Z
20260147,Pass2026#769,서채원,student148@school.edu.kr,Student,ACTIVE,2026-01-21T07:00:00Z
20260148,Pass2026#783,김민서,student149@school.edu.kr,Student,ACTIVE,2026-01-21T08:00:00Z
20260149,Pass2026#779,정지유,student150@school.edu.kr,Student,ACTIVE,2026-01-21T09:00:00Z
20260150,Pass2026#237,권예준,student151@school.edu.kr,Student,ACTIVE,2026-01-21T10:00:00Z
20260151,Pass2026#209,이지후,student152@school.edu.kr,Student,ACTIVE,2026-01-21T11:00:00Z
20260152,Pass2026#378,박지유,student153@school.edu.kr,Student,ACTIVE,2026-01-21T12:00:00Z
20260153,Pass2026#315,임준서,student154@school.edu.kr,Student,ACTIVE,2026-01-21T13:00:00Z
20260154,Pass2026#803,최서연,student155@school.edu.kr,Student,ACTIVE,2026-01-21T14:00:00Z
20260155,Pass2026#600,장지후,student156@school.edu.kr,Student,ACTIVE,2026-01-21T15:00:00Z
20260156,Pass2026#966,권지후,student157@school.edu.kr,Student,ACTIVE,2026-01-21T16:00:00Z
20260157,Pass2026#749,이서준,student158@school.edu.kr,Student,ACTIVE,2026-01-21T17:00:00Z
20260158,Pass2026#383,신서현,student159@school.edu.kr,Student,ACTIVE,2026-01-21T18:00:00Z
20260159,Pass2026#441,김서준,student160@school.edu.kr,Student,ACTIVE,2026-01-21T19:00:00Z
20260160,Pass2026#368,한시우,student161@school.edu.kr,Student,ACTIVE,2026-01-21T20:00:00Z
20260161,Pass2026#552,오하준,student162@school.edu.kr,Student,ACTIVE,2026-01-21T21:00:00Z
20260162,Pass2026#537,오지유,student163@school.edu.kr,Student,ACTIVE,2026-01-21T22:00:00Z
20260163,Pass2026#214,김지유,student164@school.edu.kr,Student,ACTIVE,2026-01-21T23:00:00Z
20260164,Pass2026#807,권도윤,student165@school.edu.kr,Student,ACTIVE,2026-01-22T00:00:00Z
20260165,Pass2026#136,장시우,student166@school.edu.kr,Student,ACTIVE,2026-01-22T01:00:00Z
20260166,Pass2026#665,임서윤,student167@school.edu.kr,Student,SUSPENDED,2026-01-22T02:00:00Z
20260167,Pass2026#230,조시우,student168@school.edu.kr,Student,ACTIVE,2026-01-22T03:00:00Z
20260168,Pass2026#473,정서준,student169@school.edu.kr,Student,ACTIVE,2026-01-22T04:00:00Z
20260169,Pass2026#466,권서준,student170@school.edu.kr,Student,ACTIVE,2026-01-22T05:00:00Z
20260170,Pass2026#355,한지호,student171@school.edu.kr,Student,ACTIVE,2026-01-22T06:00:00Z
20260171,Pass2026#898,강예준,student172@school.edu.kr,Student,ACTIVE,2026-01-22T07:00:00Z
20260172,Pass2026#995,권지유,student173@school.edu.kr,Student,ACTIVE,2026-01-22T08:00:00Z
20260173,Pass2026#867,임서현,student174@school.edu.kr,Student,ACTIVE,2026-01-22T09:00:00Z
20260174,Pass2026#342,권시우,student175@school.edu.kr,Student,ACTIVE,2026-01-22T10:00:00Z
20260175,Pass2026#930,서하준,student176@school.edu.kr,Student,ACTIVE,2026-01-22T11:00:00Z
20260176,Pass2026#522,권하준,student177@school.edu.kr,Student,ACTIVE,2026-01-22T12:00:00Z
20260177,Pass2026#854,박민준,student178@school.edu.kr,Student,ACTIVE,2026-01-22T13:00:00Z
20260178,Pass2026#521,서서연,student179@school.edu.kr,Student,ACTIVE,2026-01-22T14:00:00Z
20260179,Pass2026#263,정주원,student180@school.edu.kr,Student,ACTIVE,2026-01-22T15:00:00Z
20260180,Pass2026#993,조예준,student181@school.edu.kr,Student,ACTIVE,2026-01-22T16:00:00Z
20260181,Pass2026#581,신서준,student182@school.edu.kr,Student,ACTIVE,2026-01-22T17:00:00Z
20260182,Pass2026#936,최주원,student183@school.edu.kr,Student,ACTIVE,2026-01-22T18:00:00Z
20260183,Pass2026#412,강하은,student184@school.edu.kr,Student,ACTIVE,2026-01-22T19:00:00Z
20260184,Pass2026#124,최주원,student185@school.edu.kr,Student,ACTIVE,2026-01-22T20:00:00Z
20260185,Pass2026#436,조지호,student186@school.edu.kr,Student,ACTIVE,2026-01-22T21:00:00Z
20260186,Pass2026#171,신지후,student187@school.edu.kr,Student,ACTIVE,2026-01-22T22:00:00Z
20260187,Pass2026#756,강지후,student188@school.edu.kr,Student,ACTIVE,2026-01-22T23:00:00Z
20260188,Pass2026#795,조민서,student189@school.edu.kr,Student,ACTIVE,2026-01-23T00:00:00Z
20260189,Pass2026#128,강지유,student190@school.edu.kr,Student,SUSPENDED,2026-01-23T01:00:00Z
20260190,Pass2026#367,권예준,student191@school.edu.kr,Student,ACTIVE,2026-01-23T02:00:00Z
20260191,Pass2026#371,임하준,student192@school.edu.kr,Student,SUSPENDED,2026-01-23T03:00:00Z
20260192,Pass2026#710,이서준,student193@school.edu.kr,Student,ACTIVE,2026-01-23T04:00:00Z
20260193,Pass2026#846,강서현,student194@school.edu.kr,Student,ACTIVE,2026-01-23T05:00:00Z
20260194,Pass2026#720,조서연,student195@school.edu.kr,Student,ACTIVE,2026-01-23T06:00:00Z
20260195,Pass2026#494,이민서,student196@school.edu.kr,Student,ACTIVE,2026-01-23T07:00:00Z
